<?xml version="1.0" encoding="utf-8"?>
<LinearLayout
    xmlns:android="http://schemas.android.com/apk/res/android"
    xmlns:app="http://schemas.android.com/apk/res-auto"
    xmlns:tools="http://schemas.android.com/tools"
    android:layout_width="match_parent"
    android:layout_height="200dp"
    android:fitsSystemWindows="true"
    android:background="@color/background_grey"
    tools:context="com.example.android.run.DieActivity">

    <LinearLayout
        android:layout_width="match_parent"
        android:layout_height="wrap_content"
        android:layout_gravity="center"
        android:orientation="vertical">

        <LinearLayout
            android:layout_width="match_parent"
            android:layout_height="match_parent"
            android:orientation="horizontal">

            <LinearLayout
                android:orientation="vertical"
                android:layout_width="match_parent"
                android:layout_height="match_parent"
                android:layout_weight="6"></LinearLayout>

            <LinearLayout
                android:orientation="vertical"
                android:layout_width="match_parent"
                android:layout_height="match_parent"
                android:layout_weight="1">

                <LinearLayout
                    android:orientation="vertical"
                    android:layout_width="match_parent"
                    android:layout_height="match_parent"
                    android:layout_weight="1">
                    <EditText
                        android:id="@+id/edit_uid"
                        android:hint = "HUNTER UID"
                        android:layout_width="match_parent"
                        android:layout_height="wrap_content"
                        android:inputType="textPersonName"
                        android:background="@drawable/login_edittext"
                        android:layout_below="@+id/textView"
                        android:layout_alignParentLeft="true"
                        android:layout_alignParentStart="true" />
                </LinearLayout>

                <LinearLayout
                    android:orientation="vertical"
                    android:layout_width="match_parent"
                    android:layout_height="match_parent"
                    android:layout_weight="1.3"></LinearLayout>

                <LinearLayout
                    android:orientation="vertical"
                    android:layout_width="match_parent"
                    android:layout_height="match_parent"
                    android:layout_weight="1">
                    <EditText
                        android:id="@+id/edit_pass"
                        android:hint = "HUNTER PASSWORD"
                        android:background="@drawable/login_edittext"
                        android:layout_width="match_parent"
                        android:layout_height="wrap_content"
                        android:inputType="textPassword" />
                </LinearLayout>
                <LinearLayout
                    android:orientation="vertical"
                    android:layout_width="match_parent"
                    android:layout_height="match_parent"
                    android:layout_weight="1.3"></LinearLayout>

                <LinearLayout
                    android:orientation="horizontal"
                    android:layout_width="match_parent"
                    android:layout_height="match_parent"
                    android:layout_weight="1"
                    android:gravity="center_horizontal">

                    <LinearLayout
                        android:orientation="vertical"
                        android:layout_width="match_parent"
                        android:layout_height="match_parent"
                        android:layout_weight="6"></LinearLayout>

                    <LinearLayout
                        android:orientation="horizontal"
                        android:layout_width="match_parent"
                        android:layout_height="match_parent"
                        android:layout_weight="1">

                        <View
                            android:layout_width="0dp"
                            android:layout_height="match_parent"
                            android:layout_weight="1"/>

                        <LinearLayout
                            android:orientation="horizontal"
                            android:layout_width="match_parent"
                            android:layout_height="match_parent">

                            <TextView
                                android:id="@+id/button_enter"
                                android:text="BANG!"
                                android:textSize="20dp"
                                android:textColor="@color/red"
                                android:gravity="center"
                                android:layout_width="wrap_content"
                                android:layout_height="wrap_content"
                                android:layout_weight="1" />
                        </LinearLayout>

                        <View
                            android:layout_width="0dp"
                            android:layout_height="match_parent"
                            android:layout_weight="1"/>
                    </LinearLayout>

                    <LinearLayout
                        android:orientation="vertical"
                        android:layout_width="match_parent"
                        android:layout_height="match_parent"
                        android:layout_weight="6">
                    </LinearLayout>

                </LinearLayout>
            </LinearLayout>

            <LinearLayout
                android:orientation="vertical"
                android:layout_width="match_parent"
                android:layout_height="match_parent"
                android:layout_weight="6"></LinearLayout>


        </LinearLayout>

    </LinearLayout>


</LinearLayout>
