<?xml version="1.0" encoding="utf-8"?>
<LinearLayout xmlns:android="http://schemas.android.com/apk/res/android"
    xmlns:app="http://schemas.android.com/apk/res-auto"
    xmlns:tools="http://schemas.android.com/tools"
    android:layout_width="match_parent"
    android:layout_height="200dp"
    android:fitsSystemWindows="true"
    android:background="@color/background_grey"
    tools:context="com.example.android.run.LogoutActivity">

    <LinearLayout
        android:layout_width="match_parent"
        android:layout_height="wrap_content"
        android:layout_gravity="center"
        android:orientation="vertical">
        <LinearLayout
            android:layout_width="match_parent"
            android:layout_height="match_parent"
            android:orientation="horizontal">

            <LinearLayout
                android:orientation="vertical"
                android:layout_width="match_parent"
                android:layout_height="match_parent"
                android:layout_weight="6"></LinearLayout>

            <LinearLayout
                android:orientation="vertical"
                android:layout_width="match_parent"
                android:layout_height="match_parent"
                android:layout_weight="1">

                <LinearLayout
                    android:orientation="vertical"
                    android:layout_width="match_parent"
                    android:layout_height="wrap_content">
                    <TextView
                        android:id="@+id/text_logout"
                        android:layout_width="wrap_content"
                        android:layout_height="wrap_content"
                        android:layout_gravity="center"
                        android:text="@string/logout"
                        android:textSize="20dp"
                        android:gravity="center"
                        android:layout_weight="1" />
                </LinearLayout>

                <View
                    android:layout_width="match_parent"
                    android:layout_height="20dp" />

                <LinearLayout
                    android:orientation="horizontal"
                    android:layout_width="match_parent"
                    android:layout_height="wrap_content"
                    android:gravity="center_horizontal">

                    <LinearLayout
                        android:orientation="vertical"
                        android:layout_width="match_parent"
                        android:layout_height="match_parent"
                        android:layout_weight="6"></LinearLayout>

                    <LinearLayout
                        android:orientation="horizontal"
                        android:layout_width="match_parent"
                        android:layout_height="match_parent"
                        android:layout_weight="1">

                        <View
                            android:layout_width="0dp"
                            android:layout_height="match_parent"
                            android:layout_weight="1"/>

                        <LinearLayout
                            android:orientation="horizontal"
                            android:layout_width="match_parent"
                            android:layout_height="match_parent">

                            <TextView
                                android:id="@+id/logout_yes"
                                android:text="LOG OUT"
                                android:textSize="20dp"
                                android:textColor="@color/red"
                                android:gravity="center"
                                android:layout_width="wrap_content"
                                android:layout_height="match_parent"
                                android:layout_alignParentRight="true"
                                android:layout_weight="1" />
                        </LinearLayout>

                        <View
                            android:layout_width="0dp"
                            android:layout_height="match_parent"
                            android:layout_weight="1"/>
                    </LinearLayout>

                    <LinearLayout
                        android:orientation="vertical"
                        android:layout_width="match_parent"
                        android:layout_height="match_parent"
                        android:layout_weight="6">
                    </LinearLayout>

                </LinearLayout>
            </LinearLayout>

            <LinearLayout
                android:orientation="horizontal"
                android:layout_width="match_parent"
                android:layout_height="match_parent"
                android:layout_weight="6">
            </LinearLayout>

        </LinearLayout>
    </LinearLayout>

</LinearLayout>